year,player,player_id,player_game_count,avg_depth_of_target,avoided_tackles,caught_percent,drops,grades_hands_drop,grades_hands_fumble,grades_offense,grades_pass_route,route_rate,routes,slot_rate,slot_snaps,targeted_qb_rating,targets,touchdowns,wide_rate,wide_snaps,routes,receptions,yards,yards_after_catch,yards_after_catch_per_reception,yards_per_reception,yprr
2014,Amari Cooper,9437,14,9.9,26,71.3,8,79.4,78.8,92.8,93.3,97.1,433,19.5,87,128.7,174,16,79.6,355,433,124,1727,878,7.1,13.9,3.99
2014,Justin Hardy,9540,13,9.5,20,72.5,5,85.0,78.2,89.5,89.2,94.8,625,64.2,423,107.2,167,10,35.1,231,625,121,1494,612,5.1,12.3,2.39
2014,Vince Mayle,9556,12,9.8,25,65.0,19,43.9,60.8,76.7,75.3,95.2,551,0.7,4,104.9,163,9,99.3,575,551,106,1483,827,7.8,14.0,2.69
2014,Kevin White,9440,13,11.1,24,68.1,9,72.6,61.2,78.5,78.2,94.6,558,7.6,45,104.3,160,10,90.7,535,558,109,1447,679,6.2,13.3,2.59
2014,Jaelen Strong,9503,12,13.9,7,53.3,7,70.3,76.2,86.6,87.5,94.7,431,25.3,115,92.2,152,10,74.7,340,431,81,1168,421,5.2,14.4,2.71
2014,Jamison Crowder,9538,13,11.0,11,56.4,10,60.8,58.1,73.0,73.1,97.0,460,17.3,82,81.1,149,6,81.9,388,460,84,1064,550,6.5,12.7,2.31
2014,Tyler Lockett,9502,13,11.9,9,72.1,7,79.1,78.0,92.7,92.8,93.3,415,15.3,68,121.6,147,11,84.3,375,415,106,1515,455,4.3,14.3,3.65
2014,Rashad Greene Sr.,9572,14,11.0,17,69.7,4,86.2,77.1,82.2,83.3,96.2,525,22.3,122,104.9,142,7,76.7,419,525,99,1365,599,6.1,13.8,2.6
2014,Nelson Agholor,9453,13,8.9,17,76.3,7,77.6,77.7,89.2,91.2,95.7,447,52.2,244,129.4,135,12,41.5,194,447,103,1306,573,5.6,12.7,2.92
2014,Mario Alford,9671,13,11.2,6,58.0,12,37.9,52.2,61.7,61.8,94.6,547,4.3,25,118.3,112,11,94.3,545,547,65,945,476,7.3,14.5,1.73
2014,Lucky Whitehead,9853,12,5.5,10,71.7,5,76.7,62.8,76.8,76.8,94.3,331,89.5,314,108.6,106,6,9.4,33,331,76,709,510,6.7,9.3,2.14
2014,Bradley Marquez,9914,12,11.3,11,61.3,6,68.8,75.1,77.3,72.2,93.4,454,52.7,256,97.2,106,10,46.7,227,454,65,819,306,4.7,12.6,1.8
2014,Devin Funchess,9474,11,9.7,7,60.8,6,66.1,75.2,72.0,71.8,96.2,332,39.4,136,79.4,102,4,57.7,199,332,62,733,268,4.3,11.8,2.21
2014,Jordan Leslie,9897,13,15.4,9,54.5,7,58.1,75.0,70.9,70.3,94.7,467,4.7,23,87.0,101,6,94.9,468,467,55,779,260,4.7,14.2,1.67
2014,Ty Montgomery,9527,11,6.5,16,62.2,5,66.6,49.2,78.6,74.6,95.9,280,21.6,63,68.6,98,3,77.4,226,280,61,604,437,7.2,9.9,2.16
2014,Breshad Perriman,9459,13,17.7,7,51.5,8,45.9,74.2,71.8,71.8,94.1,414,5.9,26,107.9,97,9,94.1,414,414,50,1044,253,5.1,20.9,2.52
2014,Stefon Diggs,9579,10,7.3,13,64.9,6,67.2,75.8,79.5,79.3,97.3,355,81.6,298,99.0,97,5,17.0,62,355,63,796,524,8.3,12.6,2.24
2014,Shane Wynn,9780,12,11.3,15,65.1,6,62.9,75.5,74.3,72.9,95.5,294,47.1,145,97.4,86,3,52.9,163,294,56,707,378,6.8,12.6,2.4
2014,Jordan Taylor,9793,10,11.1,9,65.9,7,56.9,47.7,79.1,77.7,97.5,275,91.5,258,123.1,82,7,8.5,24,275,54,842,414,7.7,15.6,3.06
2014,Christopher Harper,9950,12,13.9,2,64.2,1,82.4,49.6,74.8,75.1,95.1,348,8.5,31,107.7,81,6,91.0,333,348,52,634,176,3.4,12.2,1.82
2014,Eli Rogers,9878,13,9.1,4,59.2,7,51.9,73.4,65.8,67.2,97.6,283,99.0,287,87.9,76,3,1.0,3,283,45,525,204,4.5,11.7,1.86
2014,DeVante Parker,9447,6,14.4,15,57.3,2,79.1,73.2,92.2,92.4,97.6,201,10.2,21,86.3,75,5,89.8,185,201,43,855,348,8.1,19.9,4.25
2014,Sammie Coates,9520,12,21.5,10,45.9,5,55.8,72.6,77.3,75.6,94.9,263,10.1,28,94.5,74,4,89.9,249,263,34,741,128,3.8,21.8,2.82
2014,Geremy Davis,9619,10,13.2,1,60.3,0,91.4,73.3,71.5,73.2,96.1,247,19.8,51,78.6,73,3,80.2,206,247,44,521,67,1.5,11.8,2.11
2014,Chandler Worthy,10028,12,10.0,13,62.9,7,49.8,76.4,69.6,68.1,96.3,237,9.8,24,85.8,70,3,89.0,219,237,44,387,322,7.3,8.8,1.63
2014,Kaelin Clay,9617,13,10.2,5,61.4,4,66.4,28.7,59.7,60.6,96.5,327,89.7,304,91.4,70,4,10.3,35,327,43,520,244,5.7,12.1,1.59
2014,Phillip Dorsett,9462,13,18.9,3,53.7,1,83.6,73.2,72.9,71.6,96.9,374,22.8,88,132.3,67,10,77.2,298,374,36,871,360,10.0,24.2,2.33
2014,J.J. Nelson,9592,12,15.6,5,56.3,5,56.2,41.7,63.1,64.3,95.4,267,22.9,64,98.8,64,4,76.8,215,267,36,646,342,9.5,17.9,2.42
2014,DeAndrew White,9697,11,10.0,5,63.5,4,65.7,43.5,69.8,67.2,97.0,318,39.3,129,102.9,63,4,60.7,199,318,40,504,215,5.4,12.6,1.58
2014,DeAndre Smelter,9565,12,17.0,5,56.5,2,68.9,73.5,90.9,90.2,89.6,163,5.5,10,128.1,62,7,88.5,161,163,35,715,239,6.8,20.4,4.39
2014,Chris Conley,9509,13,16.8,2,66.7,4,62.0,36.6,74.2,73.6,96.4,264,23.4,64,140.2,54,8,75.9,208,264,36,657,159,4.4,18.3,2.49
2014,Quan Bray,9700,13,9.0,13,75.0,2,77.7,48.1,72.4,70.7,94.9,222,21.4,50,112.7,52,4,76.9,180,222,39,481,256,6.6,12.3,2.17
2014,Devin Smith,9470,15,23.8,2,68.8,2,74.5,72.2,80.7,82.6,97.3,257,22.3,59,133.7,48,12,76.9,203,257,33,931,231,7.0,28.2,3.62
2014,Damiere Byrd,9964,13,20.5,2,43.5,4,44.4,31.9,60.2,58.7,95.3,183,4.7,9,79.0,46,3,94.8,182,183,20,309,66,3.3,15.5,1.69
2014,Darren Waller,9637,12,19.6,2,57.8,0,89.0,71.3,83.7,86.3,91.3,167,2.2,4,112.2,45,6,95.1,174,167,26,442,86,3.3,17.0,2.65
2014,Keith Mumphery,9608,13,16.1,4,60.5,2,70.1,73.7,72.8,70.7,97.5,231,20.3,48,114.0,43,3,78.9,187,231,26,495,143,5.5,19.0,2.14
2014,Darius Jennings,10038,12,19.7,6,62.8,2,70.9,54.6,74.8,73.0,94.7,252,12.4,33,101.0,43,2,87.2,232,252,27,521,134,5.0,19.3,2.07
2014,Adam Humphries,10075,13,6.2,5,73.2,0,89.2,73.6,50.2,52.5,97.3,319,66.8,219,83.7,41,0,32.3,106,319,30,203,158,5.3,6.8,0.64
2014,Kasen Williams,10195,14,11.5,2,52.8,0,75.2,70.4,63.4,61.5,95.2,220,22.9,53,63.0,36,2,76.6,177,220,19,186,63,3.3,9.8,0.85
2014,Andrew Turzilli,10112,11,19.8,1,50.0,1,66.1,68.5,72.0,70.7,97.1,134,13.8,19,135.4,20,4,86.2,119,134,10,347,150,15.0,34.7,2.59
2015,Tajae Sharpe,10774,12,11.4,9,63.3,3,91.5,77.8,88.1,89.1,95.2,530,30.9,172,83.2,177,5,68.9,384,530,112,1307,330,2.9,11.7,2.47
2015,Aaron Burbridge,10847,14,12.2,7,58.2,10,60.3,41.8,85.4,85.7,94.6,441,18.5,86,96.8,146,7,81.1,378,441,85,1258,300,3.5,14.8,2.85
2015,Daniel Braverman,10864,13,7.7,24,78.5,7,78.4,61.4,91.2,91.4,95.0,436,96.3,442,131.8,135,13,3.7,17,436,106,1370,711,6.7,12.9,3.14
2015,De'Marcus Ayers,10863,14,7.9,19,74.4,2,92.2,52.4,88.5,88.9,96.5,444,96.5,444,108.6,133,6,2.2,10,444,99,1241,738,7.5,12.5,2.8
2015,Tyler Boyd,10689,12,9.1,6,71.8,5,81.9,68.7,89.9,90.3,95.8,346,45.4,164,91.1,131,6,51.2,185,346,94,940,418,4.4,10.0,2.72
2015,Roger Lewis Jr.,11246,14,14.7,8,66.9,11,64.7,76.3,74.0,75.4,95.2,578,13.7,83,141.5,127,16,86.3,524,578,85,1543,621,7.3,18.2,2.67
2015,Alex Erickson,11107,13,11.7,10,60.6,8,64.8,77.1,87.5,86.5,95.5,378,51.3,203,79.5,127,3,48.5,192,378,77,979,275,3.6,12.7,2.59
2015,Geronimo Allison,11141,12,11.6,6,51.2,12,42.4,52.0,66.6,65.6,95.9,496,12.2,63,71.6,127,3,87.8,454,496,65,879,319,4.9,13.5,1.77
2015,Jakeem Grant Sr.,10820,13,7.2,33,72.6,9,69.6,66.0,80.9,79.2,96.0,458,90.6,432,124.8,124,10,6.7,32,458,90,1253,870,9.7,13.9,2.74
2015,Jordan Payton,10788,13,12.8,16,63.4,4,81.7,75.9,88.3,86.2,94.7,478,4.2,21,92.6,123,5,95.8,484,478,78,1113,394,5.1,14.3,2.33
2015,Laquon Treadwell,10657,13,11.2,17,67.2,9,63.2,56.3,85.3,85.2,95.1,470,7.9,39,106.9,122,11,91.9,454,470,82,1148,442,5.4,14.0,2.44
2015,Robbie Chosen,11254,14,12.7,11,58.3,11,46.4,55.7,73.1,74.6,93.0,399,11.4,49,92.3,120,7,88.6,380,399,70,939,298,4.3,13.4,2.35
2015,Sterling Shepard,10674,13,10.4,12,72.9,4,83.4,76.4,91.5,90.8,95.5,448,71.0,333,135.9,118,11,29.0,136,448,86,1289,495,5.8,15.0,2.88
2015,Corey Coleman,10649,12,14.5,13,63.8,10,56.9,79.5,90.0,90.4,93.2,342,26.7,98,133.1,116,20,71.9,264,342,74,1365,569,7.7,18.4,3.99
2015,Mike Thomas,10840,13,14.2,8,62.8,7,67.3,75.6,84.8,85.4,94.7,466,16.3,80,130.6,113,14,83.7,412,466,71,1392,508,7.2,19.6,2.99
2015,Pharoh Cooper,10751,12,10.5,14,59.5,5,73.3,61.9,76.7,82.0,94.9,376,84.8,336,93.6,111,8,11.9,47,376,66,978,514,7.8,14.8,2.6
2015,Hunter Sharp,11078,11,12.0,11,64.0,5,74.3,57.5,78.3,79.8,95.6,324,17.4,59,102.6,111,9,79.4,269,324,71,839,372,5.2,11.8,2.59
2015,Josh Doctson,10656,10,15.2,9,72.2,6,77.4,76.3,92.9,93.0,93.7,325,5.8,20,149.2,108,14,93.9,326,325,78,1327,310,4.0,17.0,4.08
2015,Rashard Higgins,10806,12,12.4,8,70.1,3,84.6,75.8,91.3,91.4,94.5,308,14.1,46,122.9,107,8,85.3,278,308,75,1062,349,4.7,14.2,3.45
2015,Will Fuller V,10655,13,15.1,5,62.0,9,53.3,74.8,77.2,75.7,94.5,433,6.8,31,124.6,100,14,93.2,427,433,62,1259,414,6.7,20.3,2.91
2015,Jaydon Mickens,11371,13,9.2,7,61.1,9,52.6,76.3,74.8,75.2,96.5,361,73.3,274,72.7,95,2,23.5,88,361,58,691,278,4.8,11.9,1.91
2015,Malcolm Mitchell,10746,13,13.4,13,61.7,3,79.5,49.7,86.4,87.4,97.9,324,8.2,27,96.3,94,5,91.8,304,324,58,865,285,4.9,14.9,2.67
2015,Bralon Addison,11013,13,10.7,13,69.2,4,76.3,40.2,81.1,79.6,95.6,368,67.0,258,128.6,91,10,31.2,120,368,63,804,342,5.4,12.8,2.18
2015,Michael Thomas,10681,13,11.0,13,67.5,4,73.5,74.3,83.4,83.4,96.3,308,6.3,20,133.7,83,9,93.8,300,308,56,781,271,4.8,13.9,2.54
2015,Ricardo Louis,10748,13,15.8,8,56.8,6,56.8,27.5,76.0,80.8,96.2,204,11.3,24,93.5,81,3,88.7,188,204,46,717,198,4.3,15.6,3.51
2015,Max McCaffrey,11357,13,10.4,14,64.2,2,82.8,46.6,60.8,62.0,93.8,517,96.9,534,93.3,81,5,3.1,17,517,52,633,223,4.3,12.2,1.22
2015,Charone Peake,10875,15,12.6,4,61.7,5,65.9,73.9,72.1,70.4,95.4,370,4.4,17,95.9,81,5,95.6,371,370,50,723,269,5.4,14.5,1.95
2015,Demarcus Robinson,10760,13,10.6,10,63.2,5,64.5,45.9,68.5,68.7,96.4,347,15.3,55,70.2,76,2,84.7,305,347,48,523,274,5.7,10.9,1.51
2015,K.J. Brent,11349,12,14.3,5,56.8,2,72.1,73.1,64.8,65.0,95.4,477,9.0,45,69.8,74,1,90.6,453,477,42,583,125,3.0,13.9,1.22
2015,Paul Turner,11082,11,12.5,11,63.0,4,74.5,73.8,73.3,71.9,95.7,313,1.8,6,100.3,73,3,98.2,321,313,46,661,313,6.8,14.4,2.11
2015,Bryce Treggs,11278,13,17.3,1,61.6,8,48.0,73.6,71.1,71.3,94.6,334,89.5,316,114.7,73,7,9.6,34,334,45,959,229,5.1,21.3,2.87
2015,Chris Moore,10741,12,19.0,8,54.2,5,53.2,43.0,69.5,70.2,93.9,341,8.8,32,109.4,72,7,91.2,331,341,39,815,225,5.8,20.9,2.39
2015,Darius Powe,11251,13,9.4,8,69.1,2,75.1,73.6,73.0,73.4,91.9,282,91.2,280,127.1,68,8,1.0,3,282,47,560,269,5.7,11.9,1.99
2015,J.D. McKissic,11047,13,3.7,7,81.3,0,92.5,77.8,77.3,78.6,94.5,275,90.7,264,104.8,64,2,2.7,8,275,52,525,394,7.6,10.1,1.91
2015,Jalin Marshall,11259,12,12.2,7,62.1,4,61.7,23.7,64.3,61.4,96.3,290,22.9,69,109.6,58,5,77.1,232,290,36,477,224,6.2,13.3,1.64
2015,Leonte Carroo,10720,8,14.6,7,68.4,2,77.7,72.9,90.7,90.0,96.5,194,7.5,15,121.5,57,10,92.5,186,194,39,808,266,6.8,20.7,4.16
2015,Cody Core,10833,13,12.4,5,66.1,2,76.2,72.9,69.8,69.9,95.4,310,13.5,44,121.5,56,4,86.5,281,310,37,645,272,7.4,17.4,2.08
2015,Tommylee Lewis,11231,10,8.1,3,61.8,5,46.5,74.8,67.3,66.3,96.0,169,93.2,164,86.8,55,3,6.8,12,169,34,398,208,6.1,11.7,2.36
2015,Maurice Harris,11035,13,10.3,8,72.7,2,78.5,40.8,66.0,66.0,92.4,317,3.2,11,135.4,55,5,96.8,332,317,40,560,229,5.7,14.0,1.77
2015,Trevor Davis,10797,13,10.5,6,75.5,2,78.2,73.9,69.3,70.1,94.1,269,3.5,10,121.8,53,2,96.5,276,269,40,671,387,9.7,16.8,2.49
2015,Fred Brown,23172,13,16.2,0,62.8,3,62.5,71.5,54.9,55.2,97.3,395,9.9,40,88.4,43,3,90.1,366,395,27,411,70,2.6,15.2,1.04
2015,Tevin Jones,11163,13,12.1,0,56.4,3,57.5,37.5,61.6,60.7,96.6,230,17.6,42,117.0,39,4,79.4,189,230,22,316,104,4.7,14.4,1.37
2015,Braxton Miller,10719,13,11.0,8,68.4,1,78.4,27.2,69.0,68.6,96.2,176,88.0,161,101.0,38,3,4.4,8,176,26,342,162,6.2,13.2,1.94
2015,Curtis Samuel,11795,13,9.2,2,66.7,3,57.3,46.6,74.9,68.6,93.6,131,82.9,116,88.8,33,2,10.7,15,131,22,287,160,7.3,13.0,2.19
2015,Johnny Holton,11354,8,18.6,4,56.3,1,72.8,69.9,69.5,70.0,93.3,166,7.3,13,114.6,32,5,92.7,165,166,18,478,192,10.7,26.6,2.88
2015,Darvin Kidsy,23254,11,10.7,3,65.4,1,71.9,69.7,67.3,65.7,98.0,147,34.0,51,104.6,26,2,66.0,99,147,17,240,35,2.1,14.1,1.63
2015,Marcus Johnson,11074,10,13.5,7,50.0,3,41.1,68.8,54.3,54.6,96.3,180,39.0,73,40.3,24,1,60.4,113,180,12,128,79,6.6,10.7,0.71
2015,Tanner McEvoy,11288,10,12.7,0,43.5,2,47.1,37.0,66.9,56.5,95.6,108,21.2,24,19.9,23,0,78.8,89,108,10,117,25,2.5,11.7,1.08
2015,D'haquille Williams,11366,5,13.2,0,52.2,1,66.4,68.5,67.2,65.9,97.2,105,72.2,78,50.5,23,1,27.8,30,105,12,147,32,2.7,12.3,1.4
2015,Marquis Bundy,11429,13,18.1,0,43.8,2,37.6,66.7,59.8,53.3,95.9,118,0.8,1,39.6,16,0,99.2,122,118,7,104,15,2.1,14.9,0.88
2015,Marvin Hall,11440,13,19.4,3,56.3,2,44.7,69.3,61.7,61.7,97.1,102,16.2,17,95.8,16,1,82.9,87,102,9,206,98,10.9,22.9,2.02
2016,Zay Jones,11792,12,8.5,24,73.1,6,90.7,79.9,90.9,90.7,95.5,589,30.8,190,99.4,216,8,68.7,424,589,158,1744,790,5.0,11.0,2.96
2016,Trent Taylor,11932,14,7.1,17,80.1,4,91.7,51.2,87.1,87.5,97.0,556,95.1,545,129.4,171,12,4.5,26,556,137,1816,1055,7.7,13.3,3.27
2016,Taywan Taylor,11827,14,14.4,12,67.1,8,72.2,45.6,90.1,90.3,96.3,442,16.6,76,134.8,146,17,81.3,373,442,98,1730,665,6.8,17.7,3.91
2016,Chad Hansen,11896,10,11.6,7,63.9,4,81.4,76.8,85.8,85.5,93.4,399,2.6,11,111.1,144,11,97.0,414,399,92,1248,445,4.8,13.6,3.13
2016,Mike Williams,11762,15,12.7,22,69.5,6,79.1,41.5,91.3,91.2,94.2,406,5.6,24,111.3,141,11,94.4,407,406,98,1357,393,4.0,13.8,3.34
2016,Kenny Golladay,11851,12,13.3,8,61.7,4,83.3,66.1,87.2,85.2,96.3,394,7.1,29,103.6,141,8,92.4,378,394,87,1156,301,3.5,13.3,2.93
2016,Isaiah Ford,11991,14,13.7,6,57.7,7,70.3,77.3,79.5,80.5,96.0,486,1.8,9,97.4,137,7,98.2,497,486,79,1094,325,4.1,13.8,2.25
2016,Corey Davis,11760,14,11.2,16,72.1,11,58.6,77.3,90.7,90.3,95.9,424,28.3,125,141.9,136,19,71.7,317,424,98,1512,710,7.2,15.4,3.57
2016,Austin Carr,12215,13,10.7,9,69.8,4,84.6,76.7,91.4,91.5,95.6,438,97.8,448,118.6,129,12,2.2,10,438,90,1247,435,4.8,13.9,2.85
2016,Ryan Switzer,11888,13,8.1,9,77.0,3,90.0,69.7,79.8,81.1,94.6,404,86.9,371,115.6,126,6,12.4,53,404,97,1114,556,5.7,11.5,2.76
2016,John Ross,11764,14,12.2,18,65.9,4,82.2,31.2,86.8,85.8,95.4,374,10.5,41,131.7,123,17,89.3,350,374,81,1139,385,4.8,14.1,3.05
2016,Tanner Gentry,12170,14,17.6,3,59.0,6,71.9,37.0,86.6,88.4,94.0,389,41.5,172,124.6,122,14,58.5,242,389,72,1326,217,3.0,18.4,3.41
2016,Robert Davis,11964,12,13.0,10,54.9,3,82.1,51.8,74.5,73.1,96.7,405,11.5,48,87.7,122,5,88.5,371,405,67,968,402,6.0,14.4,2.39
2016,Marcus Kemp,12137,14,15.3,16,60.8,4,78.3,75.6,77.6,78.5,93.0,490,4.4,23,95.8,120,8,95.3,502,490,73,1100,287,3.9,15.1,2.24
2016,JuJu Smith-Schuster,11817,13,11.2,9,66.7,4,78.4,76.2,71.6,73.0,96.6,428,14.7,65,117.7,105,10,84.0,372,428,70,914,384,5.5,13.1,2.14
2016,Dede Westbrook,11865,13,11.4,20,76.9,4,86.4,68.1,91.2,91.3,94.2,373,13.9,55,149.8,104,17,85.6,339,373,80,1518,778,9.7,19.0,4.07
2016,Amara Darboh,11861,13,14.9,7,56.4,6,64.8,74.5,81.0,78.9,97.0,352,9.1,33,103.7,101,7,90.9,330,352,57,862,312,5.5,15.1,2.45
2016,Stacy Coley,11974,13,12.5,9,62.4,5,76.5,74.8,69.9,72.6,96.0,384,44.5,178,102.5,101,9,55.5,222,384,63,754,325,5.2,12.0,1.96
2016,Zach Pascal,12303,13,13.8,6,64.4,4,77.0,80.1,79.1,79.3,94.1,350,49.5,184,120.3,101,9,47.8,178,350,65,946,270,4.2,14.6,2.7
2016,JoJo Natson,12739,12,16.4,12,58.0,8,56.4,65.8,69.1,70.1,91.3,380,88.7,369,102.0,100,10,10.6,44,380,58,838,270,4.7,14.4,2.21
2016,Travis Rudolph,47997,13,12.5,13,56.0,4,74.1,74.4,71.0,70.8,94.1,449,36.1,172,98.8,100,7,63.3,302,449,56,840,261,4.7,15.0,1.87
2016,Rodney Adams,11925,13,7.0,23,71.4,3,78.7,20.4,76.2,72.7,96.7,324,81.2,272,101.2,98,5,18.8,63,324,70,831,684,9.8,11.9,2.56
2016,Josh Reynolds,11872,13,14.7,4,64.9,6,66.1,74.8,82.2,83.4,95.5,445,3.6,17,124.1,94,12,96.4,449,445,61,1039,300,4.9,17.0,2.33
2016,Chris Godwin,11839,14,15.5,9,64.1,5,69.6,74.7,78.7,76.6,95.5,425,1.6,7,135.1,92,11,98.4,438,425,59,982,266,4.5,16.6,2.31
2016,Victor Bolden Jr.,12269,12,11.3,9,52.8,7,47.7,45.5,62.3,58.7,94.4,368,86.4,337,60.4,89,2,11.5,45,368,47,545,260,5.5,11.6,1.48
2016,Michael Clark,12107,12,16.4,3,41.6,6,49.7,72.6,66.3,65.8,93.8,348,2.4,9,66.3,89,5,97.6,362,348,37,632,111,3.0,17.1,1.82
2016,Tim Patrick,12087,12,16.9,5,51.1,6,56.9,73.4,76.2,76.7,94.5,292,2.6,8,78.4,88,5,97.4,301,292,45,711,166,3.7,15.8,2.43
2016,Tim White,12144,10,9.9,13,65.1,6,63.0,55.6,71.8,71.8,95.6,345,58.2,210,79.3,86,2,41.6,150,345,56,713,458,8.2,12.7,2.07
2016,Antonio Callaway,48101,12,11.1,8,63.5,7,57.0,54.0,71.2,71.5,97.1,333,7.6,26,77.6,85,3,91.3,313,333,54,721,373,6.9,13.4,2.17
2016,ArDarius Stewart,11834,12,9.3,18,70.1,4,73.0,56.4,76.3,73.3,95.0,325,21.9,75,113.8,77,8,73.7,252,325,54,845,569,10.5,15.6,2.6
2016,River Cracraft,47417,10,10.9,5,70.7,6,61.9,47.0,75.3,73.7,94.0,344,96.7,354,110.5,75,5,3.3,12,344,53,691,218,4.1,13.0,2.01
2016,Josh Malone,11883,13,15.9,7,67.6,3,76.7,80.0,75.0,75.7,97.1,399,10.7,44,144.4,74,11,89.3,367,399,50,972,292,5.8,19.4,2.44
2016,Shelton Gibson,11921,13,19.2,10,59.7,4,66.6,77.3,70.6,73.2,94.6,369,7.2,28,135.2,72,8,92.8,362,369,43,951,208,4.8,22.1,2.58
2016,Keon Hatcher,12249,12,13.4,7,65.7,1,86.2,75.5,81.3,80.1,93.5,290,15.5,48,130.2,67,8,83.2,258,290,44,743,258,5.9,16.9,2.56
2016,Isaiah McKenzie,11927,13,9.1,11,67.7,7,49.9,85.8,79.5,80.2,95.2,219,91.7,211,128.6,65,7,7.8,18,219,44,633,429,9.8,14.4,2.89
2016,Jehu Chesson,11894,13,13.9,1,56.5,2,75.6,47.9,65.0,65.2,97.3,283,25.8,75,73.3,62,2,72.2,210,283,35,500,113,3.2,14.3,1.77
2016,Andre Patton,12043,12,16.2,2,54.1,4,59.2,34.1,60.8,60.5,96.6,337,9.7,34,98.6,61,5,89.4,312,337,33,453,91,2.8,13.7,1.34
2016,Riley McCarron,48033,13,5.5,4,72.4,3,72.1,50.6,67.2,65.4,97.1,304,71.2,223,101.0,58,4,28.8,90,304,42,517,337,8.0,12.3,1.7
2016,Bobo Wilson,12067,7,9.6,3,61.2,1,80.5,79.1,71.4,71.1,95.2,198,8.2,17,93.1,49,1,91.3,190,198,30,390,107,3.6,13.0,1.97
2016,Noah Brown,11993,13,12.6,8,65.3,3,65.7,72.0,76.3,74.1,93.8,242,13.2,34,130.3,49,7,86.4,223,242,32,402,98,3.1,12.6,1.66
2016,Mack Hollins,11873,7,18.0,0,51.6,1,70.9,69.5,65.2,65.7,92.4,145,5.1,8,112.8,31,4,91.7,144,145,16,309,52,3.3,19.3,2.13
2016,Gehrig Dieter,12163,15,14.1,1,51.7,3,47.2,72.6,58.4,53.1,94.4,320,66.4,225,115.5,29,4,27.4,93,320,15,214,67,4.5,14.3,0.67
2016,Cody Hollister,12052,9,15.3,0,62.5,3,33.2,69.5,70.0,64.9,93.8,76,6.2,5,90.6,16,0,92.6,75,76,10,140,17,1.7,14.0,1.84
2016,Isaac Whitney,12251,11,6.7,1,100.0,0,73.1,64.1,60.1,55.6,86.1,31,11.1,4,111.1,3,0,88.9,32,31,3,32,12,4.0,10.7,1.03
2016,Chris Thompson,12330,3,16.0,0,0.0,0,69.19042553191488,6.9,52.9,53.0,71.4,10,14.3,2,39.6,1,0,85.7,12,10,0,0,0,5.753457446808511,14.751861702127659,0.0
2017,Michael Gallup,26075,13,12.0,20,61.3,8,76.7,77.1,91.3,91.5,94.1,444,10.6,50,101.1,163,7,89.4,422,444,100,1413,657,6.6,14.1,3.18
2017,Trey Quinn,38276,13,8.2,13,74.0,2,93.3,80.3,89.8,89.8,95.0,472,34.0,169,114.5,154,13,65.4,325,472,114,1236,552,4.8,10.8,2.62
2017,Anthony Miller,48160,13,11.7,19,64.0,12,58.2,38.1,86.2,88.6,94.0,421,37.1,166,130.0,150,18,61.2,274,421,96,1459,713,7.4,15.2,3.47
2017,DJ Moore,48267,12,11.3,20,60.6,7,70.1,81.7,83.2,81.4,93.4,365,19.4,76,95.9,132,8,78.8,308,365,80,1033,475,5.9,12.9,2.83
2017,Deontay Burnett,47477,14,10.5,14,66.2,3,87.5,57.5,83.3,84.6,96.9,464,84.1,403,102.9,130,9,12.7,61,464,86,1106,500,5.8,12.9,2.38
2017,Cedrick Wilson Jr.,48170,14,14.0,10,63.8,6,75.4,78.8,88.9,89.3,94.8,438,15.2,70,118.5,130,7,84.2,389,438,83,1511,583,7.0,18.2,3.45
2017,Courtland Sutton,48164,13,14.6,13,53.5,5,69.3,75.5,78.0,77.9,95.5,490,16.6,85,100.7,127,12,83.4,428,490,68,1085,358,5.3,16.0,2.21
2017,Allen Lazard,48135,13,12.0,3,56.3,7,59.1,78.3,80.3,79.6,95.2,472,14.9,74,103.3,126,10,85.1,422,472,71,941,265,3.7,13.3,1.99
2017,Jaleel Scott,48097,13,14.2,2,62.3,6,72.6,54.8,75.9,75.4,96.8,579,12.4,74,105.2,122,9,87.6,524,579,76,1078,201,2.6,14.2,1.86
2017,Keke Coutee,47698,13,8.3,19,76.9,8,74.5,78.2,83.3,85.8,95.1,462,94.0,457,139.4,121,10,5.3,26,462,93,1429,775,8.3,15.4,3.09
2017,James Washington,47792,13,18.9,7,61.7,5,76.1,55.2,85.7,86.7,94.5,444,8.1,38,131.3,120,13,91.7,431,444,74,1546,407,5.5,20.9,3.48
2017,Christian Kirk,47546,13,10.2,8,63.4,6,71.2,72.6,78.1,79.2,94.8,400,93.8,396,111.4,112,10,2.8,12,400,71,919,381,5.4,12.9,2.3
2017,Cam Phillips,47593,12,11.6,10,65.1,2,88.4,60.9,85.8,86.1,95.3,324,17.9,61,107.0,109,7,81.8,278,324,71,964,338,4.8,13.6,2.98
2017,Dante Pettis,48113,13,11.3,6,63.3,3,81.2,66.9,81.4,80.5,94.6,295,15.4,48,102.3,98,7,84.0,262,295,62,757,282,4.5,12.2,2.57
2017,J'Mon Moore,48316,13,12.4,14,67.0,8,59.6,75.1,77.2,79.5,94.1,380,1.5,6,121.6,97,10,98.5,398,380,65,1082,425,6.5,16.6,2.85
2017,Calvin Ridley,48262,14,11.7,2,64.9,7,63.3,75.4,77.9,79.2,95.9,348,23.4,85,106.3,97,5,74.9,272,348,63,967,395,6.3,15.3,2.78
2017,Marquez Valdes-Scantling,47809,12,15.8,7,57.0,9,46.6,76.3,71.1,69.7,95.9,379,24.8,98,105.8,93,6,74.9,296,379,53,875,325,6.1,16.5,2.31
2017,Marcell Ateman,23670,13,15.6,5,66.7,3,79.8,50.0,89.3,87.9,92.4,330,2.8,10,134.7,90,8,97.2,347,330,60,1160,336,5.6,19.3,3.52
2017,Deon Cain,13597,14,13.1,9,64.4,5,60.4,74.6,73.1,74.7,95.7,354,3.5,13,102.7,90,6,96.5,357,354,58,734,215,3.7,12.7,2.07
2017,Christian Blake,47900,13,14.1,4,44.9,6,52.4,25.6,54.3,53.7,95.1,424,21.3,95,56.3,89,4,78.5,350,424,40,437,120,3.0,10.9,1.03
2017,Braxton Berrios,47961,13,10.9,8,65.5,4,74.0,87.8,71.8,71.2,95.7,403,97.1,409,121.1,84,9,2.9,12,403,55,680,261,4.7,12.4,1.69
2017,Da'Mari Scott,39588,14,6.3,8,67.5,5,64.2,59.2,68.0,64.8,96.0,408,87.5,372,80.4,83,1,10.8,46,408,56,561,361,6.4,10.0,1.38
2017,Tre'Quan Smith,48228,13,15.2,12,71.1,6,65.1,76.0,83.7,81.0,95.9,417,21.1,92,142.9,83,13,78.9,343,417,59,1171,345,5.8,19.8,2.81
2017,DaeSean Hamilton,45416,13,10.8,14,64.6,4,71.7,74.0,80.8,78.8,97.1,428,98.4,434,126.3,82,9,1.6,7,428,53,864,336,6.3,16.3,2.02
2017,Trent Sherfield,48021,12,11.9,4,67.6,7,56.8,76.1,77.9,77.4,93.5,314,12.5,42,93.8,74,5,87.5,294,314,50,729,208,4.2,14.6,2.32
2017,Javon Wims,41406,15,13.7,10,62.2,7,51.6,73.4,79.9,78.2,94.9,282,17.2,51,114.9,74,7,82.8,246,282,46,724,163,3.5,15.7,2.57
2017,Keith Kirkwood,48017,13,14.8,8,61.6,4,68.2,73.8,81.8,81.1,95.2,318,29.3,98,100.9,73,7,70.7,236,318,45,671,196,4.4,14.9,2.11
2017,Cameron Batson,47669,13,5.1,4,81.9,3,79.5,38.2,61.7,60.6,94.7,413,92.4,403,112.2,72,5,7.1,31,413,59,487,319,5.4,8.3,1.18
2017,Equanimeous St. Brown,47967,13,15.0,5,46.5,3,67.4,72.2,71.1,69.6,95.0,303,21.3,68,66.3,71,4,78.4,250,303,33,515,152,4.6,15.6,1.7
2017,DJ Chark Jr.,47702,13,20.3,2,58.0,2,78.1,67.5,76.8,80.1,95.8,299,27.9,87,104.9,69,3,70.5,220,299,40,873,170,4.3,21.8,2.92
2017,Brandon Powell,48036,11,8.0,4,61.8,5,60.5,79.4,71.6,71.4,97.6,249,89.8,229,87.0,68,3,9.0,23,249,42,406,196,4.7,9.7,1.63
2017,Steven Mitchell Jr.,47508,12,14.6,7,60.3,5,59.9,73.4,76.1,75.1,96.1,298,14.5,45,105.3,68,4,84.8,263,298,41,644,239,5.8,15.7,2.16
2017,Auden Tate,48192,12,13.4,4,59.7,2,77.6,72.9,75.7,75.2,95.3,306,11.5,37,94.4,67,10,88.2,283,306,40,548,124,3.1,13.7,1.79
2017,Ray-Ray McCloud III,47895,14,6.1,8,75.8,0,92.3,30.9,62.1,62.2,95.3,341,15.1,54,101.2,66,1,83.0,297,341,50,490,295,5.9,9.8,1.44
2017,Byron Pringle,42345,12,18.1,2,50.8,7,40.4,55.1,64.5,63.4,91.0,254,4.7,13,97.8,61,6,95.3,266,254,31,701,142,4.6,22.6,2.76
2017,Malik Turner,48078,10,12.8,8,50.8,4,60.3,73.4,62.8,62.1,93.3,266,59.3,169,46.2,61,0,40.7,116,266,31,326,70,2.3,10.5,1.23
2017,Richie James,28991,5,8.7,1,55.4,5,51.2,28.2,66.7,66.6,93.2,150,88.2,142,80.2,56,3,7.5,12,150,31,290,138,4.5,9.4,1.93
2017,Damion Ratley,48182,13,17.1,6,55.6,2,72.7,71.9,68.0,67.3,95.0,363,6.5,25,114.4,54,6,93.5,357,363,30,694,327,10.9,23.1,1.91
2017,Chad Beebe,21528,9,10.9,0,65.1,5,48.3,81.0,69.8,69.3,94.8,183,69.9,135,95.0,43,1,29.5,57,183,28,419,183,6.5,15.0,2.29
2017,Chris Lacy,29726,12,14.5,2,50.0,3,53.5,28.6,62.1,63.1,96.3,182,3.7,7,60.8,40,0,96.3,182,182,20,264,64,3.2,13.2,1.45
2017,Russell Gage,44771,13,12.0,0,53.8,2,65.7,61.3,67.9,68.6,96.0,194,61.9,125,103.0,39,3,32.7,66,194,21,285,33,1.6,13.6,1.47
2017,Jeff Badet,48309,14,7.4,4,84.4,3,62.4,51.6,80.2,78.6,97.1,135,18.7,26,150.0,32,3,80.6,112,135,27,408,260,9.6,15.1,3.02
2017,Derrick Willies,48345,7,11.5,3,64.3,2,61.5,70.4,57.5,59.6,95.7,220,6.5,15,121.7,28,3,93.0,214,220,18,304,151,8.4,16.9,1.38
2017,Robert Foster,48230,14,12.3,3,53.8,3,43.8,12.0,48.6,47.4,95.4,229,2.5,6,87.3,26,1,97.5,234,229,14,172,145,10.4,12.3,0.75
2017,Cam Sims,47908,14,12.3,4,56.0,1,68.7,69.0,61.1,60.8,95.9,208,82.9,180,79.9,25,1,16.6,36,208,14,207,108,7.7,14.8,1.0
2018,Preston Williams,38855,12,14.0,11,58.4,10,66.0,46.5,83.7,84.3,94.2,508,13.2,71,97.4,166,14,86.8,468,508,97,1339,375,3.9,13.8,2.64
2018,Andy Isabella,47448,12,12.1,18,69.2,6,81.3,73.9,93.2,93.8,94.2,409,42.2,183,129.3,146,13,55.8,242,409,101,1696,737,7.3,16.8,4.15
2018,John Ursua,26586,13,12.1,18,61.4,13,49.4,59.4,71.5,71.7,95.2,577,96.2,583,122.9,145,16,3.0,18,577,89,1343,547,6.1,15.1,2.33
2018,KeeSean Johnson,39587,14,11.1,16,74.4,7,74.8,79.9,83.8,84.9,96.7,439,30.4,138,121.8,129,8,69.6,316,439,96,1345,522,5.4,14.0,3.06
2018,Antoine Wesley,39967,12,12.1,12,69.3,2,91.0,76.4,83.8,83.6,94.4,544,6.3,36,126.4,127,9,93.8,540,544,88,1408,628,7.1,16.0,2.59
2018,Olamide Zaccheaus,44920,13,7.0,22,74.0,8,65.1,78.8,80.7,83.1,95.5,401,56.7,238,115.7,127,9,35.2,148,401,94,1063,619,6.6,11.3,2.65
2018,Greg Dortch,42237,12,8.2,12,70.6,4,88.1,74.0,84.9,87.7,95.5,404,87.2,369,101.2,126,8,12.8,54,404,89,1078,481,5.4,12.1,2.67
2018,Jakobi Meyers,47468,12,9.0,12,76.0,3,91.4,77.6,82.5,86.2,95.4,395,94.9,393,98.8,121,4,2.4,10,395,92,1048,369,4.0,11.4,2.65
2018,Lil'Jordan Humphrey,42247,14,9.2,28,71.7,6,75.6,64.4,82.6,83.6,94.7,469,91.1,451,113.8,120,9,8.5,42,469,86,1176,592,6.9,13.7,2.51
2018,Kelvin Harmon,47931,12,15.1,5,69.2,4,81.7,75.9,83.5,84.4,95.4,419,3.6,16,118.4,117,7,96.4,423,419,81,1186,253,3.1,14.6,2.83
2018,David Sills V,34579,12,14.3,9,55.6,7,59.6,60.7,72.6,73.5,95.0,453,34.6,165,112.4,117,15,65.4,312,453,65,986,312,4.8,15.2,2.18
2018,A.J. Brown,48327,12,11.2,17,73.0,5,78.8,56.5,79.3,80.4,95.2,434,58.6,267,113.2,115,6,40.4,184,434,84,1307,600,7.1,15.6,3.01
2018,N'Keal Harry,48297,12,10.4,17,64.6,5,75.4,65.6,86.0,87.3,94.8,402,32.1,136,118.9,113,9,66.5,282,402,73,1088,515,7.1,14.9,2.71
2018,Parris Campbell,47940,14,4.7,15,82.0,5,80.6,77.9,86.0,87.6,93.6,309,87.3,288,139.2,111,12,11.5,38,309,91,1071,809,8.9,11.8,3.47
2018,Travis Fulgham,48023,12,15.6,4,58.9,5,71.7,74.8,80.1,79.3,94.8,492,11.2,58,101.9,107,9,88.8,461,492,63,1083,209,3.3,17.2,2.2
2018,Scott Miller,47481,11,12.3,3,65.4,5,74.0,57.2,82.7,83.9,93.2,372,83.7,334,109.4,107,9,16.3,65,372,70,1137,398,5.7,16.2,3.06
2018,Stanley Morgan,48110,12,12.9,11,66.0,3,83.2,77.3,75.8,76.8,96.1,449,21.4,100,110.7,106,7,78.6,367,449,70,1004,387,5.5,14.3,2.24
2018,Marquise Brown,61568,14,12.7,18,72.8,7,68.2,76.4,85.0,87.0,95.6,370,23.0,89,135.1,103,10,75.2,291,370,75,1318,639,8.5,17.6,3.56
2018,Miles Boykin,48209,13,15.1,1,60.2,3,79.8,49.9,79.0,77.7,95.8,435,14.8,67,103.6,98,8,85.2,387,435,59,867,206,3.5,14.7,1.99
2018,Deebo Samuel,48274,12,8.7,21,63.3,4,80.7,78.5,83.3,82.3,92.3,358,19.8,77,117.0,98,11,79.4,308,358,62,882,592,9.5,14.2,2.46
2018,J.J. Arcega-Whiteside,35014,12,14.9,7,67.0,4,76.6,74.8,90.3,89.8,92.3,350,12.9,49,135.6,94,14,87.1,330,350,63,1059,252,4.0,16.8,3.03
2018,Steven Sims,48341,12,10.9,14,57.6,4,72.2,76.2,67.7,67.8,94.7,360,36.1,137,75.7,92,4,63.2,240,360,53,546,290,5.5,10.3,1.52
2018,Tyron Johnson,34427,13,15.8,5,58.2,5,67.2,74.4,71.0,69.7,94.9,504,6.0,32,105.8,91,7,94.0,499,504,53,845,227,4.3,15.9,1.68
2018,Jalen Guyton,34164,13,11.4,8,60.0,11,39.8,74.3,67.3,67.3,94.7,446,3.2,15,102.3,90,6,96.8,456,446,54,805,236,4.4,14.9,1.8
2018,Diontae Johnson,33441,13,12.2,10,55.1,7,53.7,31.4,72.4,71.8,93.5,331,30.2,107,108.9,89,8,68.6,243,331,49,761,414,8.4,15.5,2.3
2018,Penny Hart,13534,12,11.7,6,56.3,6,55.7,82.8,69.4,71.2,93.2,331,34.6,123,88.7,87,2,64.5,229,331,49,668,290,5.9,13.6,2.02
2018,Cody Thompson,48152,13,15.0,5,55.2,3,70.8,78.7,72.4,73.1,93.2,399,28.5,122,98.2,87,10,70.6,302,399,48,647,156,3.3,13.5,1.62
2018,Ventell Bryant,47959,13,14.6,9,59.3,7,55.1,74.4,71.6,72.0,97.8,317,12.0,39,77.2,86,3,87.7,284,317,51,690,171,3.4,13.5,2.18
2018,Lynn Bowden,61361,13,7.2,17,77.9,4,73.5,49.8,77.2,79.5,92.0,312,91.4,310,102.8,86,5,8.3,28,312,67,745,515,7.7,11.1,2.39
2018,Damion Willis,61737,11,15.1,6,67.5,2,84.3,74.4,85.6,85.2,93.3,263,5.0,14,126.8,83,10,94.3,266,263,56,876,305,5.4,15.6,3.33
2018,Trenton Irwin,48080,12,9.7,10,78.9,0,93.3,46.7,74.7,74.6,93.5,348,18.0,67,102.0,76,2,82.0,305,348,60,685,201,3.4,11.4,1.97
2018,Olabisi Johnson,47882,11,14.5,4,72.0,3,78.8,61.8,74.8,75.8,93.7,399,22.1,94,107.4,75,4,77.5,330,399,54,796,212,3.9,14.7,1.99
2018,Darius Slayton,25578,12,18.1,6,48.6,8,35.7,72.3,64.4,64.2,95.6,368,16.1,62,98.7,72,5,83.9,323,368,35,670,259,7.4,19.1,1.82
2018,Hunter Renfrow,47509,15,9.5,7,74.2,1,87.4,74.3,71.9,72.7,96.1,318,91.2,302,103.4,66,1,8.5,28,318,49,545,180,3.7,11.1,1.71
2018,Riley Ridley,47933,14,13.2,8,71.7,2,78.9,73.2,75.5,76.3,96.0,309,8.7,28,133.3,60,9,91.0,293,309,43,559,146,3.4,13.0,1.81
2018,Mecole Hardman Jr.,42683,14,11.8,4,62.5,4,61.6,66.7,70.4,72.2,96.6,225,85.8,200,126.7,56,7,13.3,31,225,35,543,292,8.3,15.5,2.41
2018,Terry McLaurin,48229,14,16.1,5,71.4,2,75.4,72.3,73.7,72.3,95.2,320,16.1,54,153.3,49,11,83.6,281,320,35,701,199,5.7,20.0,2.19
2018,Jeff Smith,48055,12,17.1,2,41.7,9,17.9,76.8,59.1,56.4,94.4,220,23.6,55,83.9,48,6,75.5,176,220,20,387,157,7.9,19.4,1.76
2018,KaVontae Turpin,47658,7,10.6,4,65.9,4,55.6,82.6,72.1,73.9,97.5,155,19.5,31,100.1,44,3,78.0,124,155,29,415,187,6.4,14.3,2.68
2018,Juwann Winfree,38275,8,11.1,3,63.6,1,80.1,71.6,67.7,65.9,94.0,266,38.2,108,91.5,44,2,61.8,175,266,28,324,123,4.4,11.6,1.22
2018,D.K. Metcalf,47864,7,14.0,3,61.9,3,62.5,71.5,71.9,73.8,93.9,201,0.0,0,135.4,42,5,100.0,214,201,26,569,252,9.7,21.9,2.83
2018,Demetric Felton Jr.,40568,12,11.7,4,57.1,4,55.1,75.6,56.5,55.9,96.1,246,41.0,105,60.1,35,1,57.8,148,246,20,207,97,4.9,10.4,0.84
2018,Terry Godwin II,47946,13,13.6,3,64.7,1,75.9,78.9,73.8,72.0,97.6,165,52.7,89,118.9,34,3,46.7,79,165,22,373,136,6.2,17.0,2.26
2018,De'Michael Harris,84418,11,3.0,7,87.1,0,88.3,76.3,64.6,64.9,97.4,147,92.7,140,93.7,31,2,7.3,11,147,27,241,228,8.4,8.9,1.64
2018,Michael Walker,48213,12,10.9,0,70.8,0,84.7,44.3,71.0,68.7,95.8,113,31.4,37,81.4,24,0,66.1,78,113,17,217,89,5.2,12.8,1.92
2018,C.J. Saunders,42541,8,5.4,1,71.4,0,80.9,78.6,58.8,56.4,95.9,71,98.6,73,83.3,14,0,1.4,1,71,10,73,25,2.5,7.3,1.03
2019,James Proche II,48037,13,10.1,11,67.5,3,91.3,72.6,86.3,87.6,93.4,479,50.5,259,107.4,163,15,49.5,254,479,110,1219,475,4.3,11.1,2.54
2019,Antonio Gandy-Golden,39993,13,15.0,16,57.2,2,85.6,75.9,89.4,89.4,95.0,474,10.4,52,104.0,138,10,89.2,445,474,79,1397,472,6.0,17.7,2.95
2019,Justin Jefferson,61398,15,9.4,24,82.8,7,79.1,77.9,85.4,86.7,96.2,583,98.3,596,147.9,134,18,0.5,3,583,111,1540,714,6.4,13.9,2.64
2019,Michael Pittman Jr.,29049,13,10.2,14,75.9,3,90.5,60.9,81.2,80.4,95.3,546,9.6,55,117.0,133,11,90.4,518,546,101,1269,480,4.8,12.6,2.32
2019,Devin Duvernay,40006,13,7.9,23,81.4,3,90.9,79.5,89.4,89.5,93.9,464,98.6,487,125.2,129,9,1.0,5,464,105,1392,719,6.8,13.3,3.0
2019,Gabe Davis,55410,12,16.5,10,56.3,5,74.8,75.4,79.4,80.1,94.4,420,6.7,30,117.4,128,12,93.0,414,420,72,1241,334,4.6,17.2,2.95
2019,Ja'Marr Chase,84270,14,14.3,22,69.4,5,78.8,56.9,91.1,91.3,96.7,505,17.2,90,141.3,121,20,81.2,424,505,84,1780,684,8.1,21.2,3.52
2019,Tyler Johnson,48054,13,11.0,10,73.1,6,76.2,39.0,91.5,92.2,94.3,362,86.2,331,138.5,119,13,13.8,53,362,87,1317,464,5.3,15.1,3.64
2019,Isaiah Hodgins,52130,12,12.8,7,72.9,1,90.9,76.4,90.1,89.8,96.4,433,4.5,20,140.4,118,13,95.5,429,433,86,1158,293,3.4,13.5,2.67
2019,Denzel Mims,47800,14,14.9,7,58.4,7,60.7,29.9,81.9,82.8,94.1,430,4.6,21,119.9,113,12,95.2,435,430,66,1015,185,2.8,15.4,2.36
2019,Joe Reed,40221,13,8.0,15,70.9,2,89.7,63.5,71.4,72.0,94.9,443,69.4,324,100.7,110,7,24.8,116,443,78,683,444,5.7,8.8,1.54
2019,Chase Claypool,42312,13,13.0,14,61.1,7,64.0,75.1,83.3,82.3,95.0,418,15.5,68,124.9,108,13,84.5,372,418,66,1037,358,5.4,15.7,2.48
2019,Jerry Jeudy,61103,13,11.1,15,71.3,7,69.1,55.1,85.6,86.8,95.1,352,58.1,215,129.5,108,10,41.4,153,352,77,1163,597,7.8,15.1,3.3
2019,Bryan Edwards,28486,10,8.5,15,66.4,3,83.5,80.7,77.9,79.1,94.6,316,32.3,108,107.8,107,6,67.4,225,316,71,816,540,7.6,11.5,2.58
2019,Trishton Jackson,41247,12,14.4,10,61.3,3,77.1,75.0,73.9,74.2,95.8,501,16.1,84,123.2,106,11,83.7,438,501,65,1001,369,5.7,15.4,2.0
2019,Easop Winston Jr.,61812,13,8.2,9,81.7,2,87.0,29.2,76.7,76.4,96.5,409,1.9,8,140.5,104,11,97.9,415,409,85,964,389,4.6,11.3,2.36
2019,Cody White,61448,13,11.4,11,63.5,3,83.0,43.3,75.6,76.8,93.9,459,30.5,149,91.1,104,6,69.3,339,459,66,922,278,4.2,14.0,2.01
2019,Kendall Hinton,34045,11,8.7,19,70.2,8,58.7,69.7,77.0,77.7,95.4,397,83.7,348,105.5,104,4,16.3,68,397,73,1001,439,6.0,13.7,2.52
2019,Quez Watkins,61664,11,14.3,9,61.8,7,62.5,41.7,75.7,76.1,95.8,387,28.7,116,100.6,102,6,71.3,288,387,63,1172,560,8.9,18.6,3.03
2019,Kirk Merritt,35096,13,10.4,7,71.0,3,84.1,59.5,73.1,72.1,93.5,420,96.2,432,126.4,100,12,3.3,15,420,71,813,384,5.4,11.5,1.94
2019,Brandon Aiyuk,84109,12,10.1,14,65.7,6,67.9,69.7,77.8,79.2,95.4,392,16.8,69,133.9,99,8,82.7,340,392,65,1192,710,10.9,18.3,3.04
2019,Jauan Jennings,48027,13,11.4,30,64.1,4,72.3,56.6,88.9,89.4,94.6,314,86.7,288,110.3,92,8,11.4,38,314,59,969,474,8.0,16.4,3.09
2019,KJ Hamler,61590,13,14.4,4,60.9,11,41.3,76.1,72.5,71.6,95.0,364,89.3,342,109.1,92,8,10.4,40,364,56,904,375,6.7,16.1,2.48
2019,Quintez Cephus,29614,14,13.2,9,64.8,5,69.4,74.6,82.5,84.1,97.3,291,29.4,88,109.3,91,7,70.6,211,291,59,901,278,4.7,15.3,3.1
2019,Dezmon Patmon,48329,13,10.1,7,65.6,7,59.8,49.0,72.7,72.6,95.9,347,2.5,9,98.2,90,8,97.5,353,347,59,757,302,5.1,12.8,2.18
2019,John Hightower,84142,14,17.3,5,57.3,4,71.3,62.6,73.4,73.2,95.0,380,9.3,37,114.6,89,8,90.5,362,380,51,943,340,6.7,18.5,2.48
2019,Darnell Mooney,48236,13,14.6,9,53.4,8,46.9,73.7,72.5,70.8,96.8,362,10.4,39,94.7,88,5,89.3,334,362,47,716,149,3.2,15.2,1.98
2019,Jalen Reagor,61697,12,14.9,5,48.9,7,50.5,56.4,69.2,67.1,96.3,411,10.5,45,71.7,88,5,88.1,376,411,43,611,165,3.8,14.2,1.49
2019,CeeDee Lamb,61570,13,13.2,26,70.5,3,76.6,72.3,90.0,90.3,96.0,332,29.8,103,147.7,88,14,69.9,242,332,62,1325,683,11.0,21.4,3.99
2019,Tee Higgins,61211,15,15.7,12,67.8,6,65.7,74.9,90.5,89.8,93.8,318,14.2,48,140.7,87,13,85.8,291,318,59,1167,341,5.8,19.8,3.67
2019,Ja'Marcus Bradley,27003,14,13.6,23,69.8,2,84.9,54.2,88.5,88.3,96.9,282,15.1,44,132.8,86,10,84.9,247,282,60,899,399,6.7,15.0,3.19
2019,K.J. Osborn,23503,13,11.1,6,61.7,4,70.7,53.7,64.5,64.4,95.0,418,8.9,39,102.2,81,5,91.1,401,418,50,547,143,2.9,10.9,1.31
2019,Laviska Shenault Jr.,61220,11,10.1,15,70.0,3,78.7,59.8,86.3,84.6,94.5,256,16.2,44,111.7,80,4,81.5,221,256,56,764,421,7.5,13.6,2.98
2019,Isaiah Wright,40113,11,7.7,2,61.8,5,63.1,74.0,60.3,60.9,95.7,311,55.4,180,83.3,76,5,42.5,138,311,47,442,269,5.7,9.4,1.42
2019,K.J. Hill,28025,14,9.1,10,76.0,2,84.0,55.1,72.0,72.6,94.7,359,96.3,365,134.8,75,10,3.4,13,359,57,636,243,4.3,11.2,1.77
2019,Van Jefferson,47447,13,10.3,3,71.0,4,70.9,74.1,70.4,71.1,90.9,329,30.1,109,117.8,69,6,69.9,253,329,49,657,266,5.4,13.4,2.0
2019,Nico Collins,61441,12,14.8,5,56.1,4,63.8,72.8,70.9,71.1,91.6,316,1.4,5,117.6,66,7,98.6,340,316,37,729,234,6.3,19.7,2.31
2019,Nick Westbrook-Ikhine,47861,13,14.6,5,67.7,3,72.7,73.2,65.1,63.7,94.0,392,23.0,96,123.4,62,5,77.0,321,392,42,565,180,4.3,13.5,1.44
2019,Marquez Callaway,42295,13,19.8,2,51.7,3,65.3,82.3,69.5,70.2,93.8,334,21.3,76,118.1,58,6,77.8,277,334,30,635,139,4.6,21.2,1.9
2019,Collin Johnson,47808,7,16.2,3,66.7,2,77.6,39.5,78.1,76.4,94.1,269,12.2,35,108.4,57,3,87.4,250,269,38,555,92,2.4,14.6,2.06
2019,Donovan Peoples-Jones,61439,11,11.9,4,57.9,4,61.6,43.6,70.0,70.2,93.1,256,48.4,133,117.8,57,6,51.3,141,256,33,443,176,5.3,13.4,1.73
2019,Henry Ruggs III,61102,12,11.7,4,72.7,1,85.0,74.9,75.0,75.1,95.6,304,17.9,57,154.4,55,7,82.1,261,304,40,744,419,10.5,18.6,2.45
2019,Andre Baccellia,47901,13,9.8,6,53.7,7,34.4,73.2,56.2,54.2,95.4,269,26.2,74,95.8,54,4,73.8,208,269,29,314,155,5.3,10.8,1.17
2019,Freddie Swain,26448,12,8.7,7,70.4,1,83.8,70.0,76.8,76.3,93.3,222,92.9,221,109.3,54,7,6.7,16,222,38,517,286,7.5,13.6,2.33
2019,Juwan Johnson,28305,10,12.0,4,58.8,8,26.1,71.8,67.6,63.8,95.6,219,11.8,27,107.2,51,4,87.8,201,219,30,467,176,5.9,15.6,2.13
2019,Lawrence Cager,34914,9,13.7,2,82.5,1,83.1,72.4,83.8,83.1,95.3,143,7.3,11,139.2,40,4,92.7,139,143,33,476,117,3.5,14.4,3.33
2019,Austin Mack,28070,11,13.6,4,69.2,2,70.7,71.5,73.7,73.1,93.7,179,12.6,24,124.0,39,3,86.4,165,179,27,361,69,2.6,13.4,2.02
2019,Maurice Alexander,33465,9,9.5,5,67.6,4,51.0,33.8,62.5,59.3,95.3,182,95.8,183,101.0,37,1,4.2,8,182,25,298,148,5.9,11.9,1.64
2019,Tyrie Cleveland,42134,13,11.0,4,73.5,2,68.4,72.5,64.3,64.4,95.5,192,26.9,54,116.2,34,1,73.1,147,192,25,351,123,4.9,14.0,1.83
2019,Isaiah Zuber,26884,13,15.3,0,46.7,5,27.1,76.2,59.5,58.9,95.0,170,48.0,86,78.6,30,2,52.0,93,170,14,211,44,3.1,15.1,1.24
2020,DeVonta Smith,61100,13,10.7,10,80.7,3,86.9,82.9,94.9,95.6,94.6,423,36.9,165,152.6,145,23,63.1,282,423,117,1856,953,8.1,15.9,4.39
2020,Jaelon Darden,61522,9,12.9,23,66.1,7,67.3,78.1,89.8,89.9,97.5,276,85.9,243,126.1,112,19,14.1,40,276,74,1190,571,7.7,16.1,4.31
2020,Elijah Moore,84302,8,10.9,18,85.1,2,90.9,81.8,91.2,92.4,92.0,310,79.8,269,125.8,101,8,15.7,53,310,86,1193,505,5.9,13.9,3.85
2020,Seth Williams,84137,11,13.8,14,47.0,8,47.7,44.2,69.8,69.6,95.4,370,26.5,103,73.7,100,4,73.5,285,370,47,759,258,5.5,16.1,2.05
2020,Amari Rodgers,61212,12,7.6,17,77.8,6,73.7,57.2,79.1,80.0,95.6,391,86.3,353,124.7,99,7,13.2,54,391,77,1020,613,8.0,13.2,2.61
2020,Tylan Wallace,61577,9,14.8,9,64.1,4,75.0,74.9,86.1,86.2,95.0,283,12.8,38,96.4,92,6,87.2,260,283,59,922,296,5.0,15.6,3.26
2020,Dax Milne,84147,12,13.2,6,76.9,2,87.9,82.2,90.0,89.6,94.1,317,20.5,69,143.0,91,8,78.9,266,317,70,1188,397,5.7,17.0,3.75
2020,Anthony Schwartz,84135,10,8.0,4,63.5,6,62.5,50.1,70.9,71.6,95.2,275,51.6,149,83.2,85,3,47.8,138,275,54,635,488,9.0,11.8,2.31
2020,Shi Smith,61643,9,7.5,8,67.9,6,63.5,77.0,78.0,80.8,94.6,244,71.3,184,100.9,84,4,26.7,69,244,57,633,353,6.2,11.1,2.59
2020,Kadarius Toney,61245,11,7.7,20,83.3,2,87.5,72.6,84.2,84.8,94.0,373,86.4,343,139.8,84,10,10.3,41,373,70,977,477,6.8,14.0,2.62
2020,Dyami Brown,77986,11,18.4,9,67.1,3,74.4,74.6,82.8,82.9,93.4,353,1.1,4,127.3,82,8,98.9,374,353,55,1099,269,4.9,20.0,3.11
2020,Dez Fitzpatrick,42349,11,14.1,9,58.9,5,61.3,42.0,74.7,76.0,95.4,334,5.4,19,95.2,73,3,94.6,331,334,43,831,379,8.8,19.3,2.49
2020,Tutu Atwell,77965,9,11.6,4,64.8,2,80.7,45.4,77.1,76.6,95.5,256,81.7,219,102.1,71,7,17.9,48,256,46,625,287,6.2,13.6,2.44
2020,Dazz Newsome,61510,12,9.0,14,78.3,4,72.8,85.5,73.2,73.2,94.8,368,98.5,382,137.0,69,6,0.8,3,368,54,684,359,6.6,12.7,1.86
2020,Terrace Marshall Jr.,84271,7,9.5,7,71.6,7,47.7,44.2,78.9,81.1,96.9,251,82.2,213,134.4,67,10,17.4,45,251,48,731,309,6.4,15.2,2.91
2020,DJ Turner,47663,11,10.3,9,65.7,7,51.5,56.9,65.0,67.0,93.7,314,41.5,139,104.9,67,3,57.6,193,314,44,634,293,6.7,14.4,2.02
2020,Joshua Palmer,62979,10,17.1,2,53.3,2,73.4,72.0,70.7,71.9,94.4,269,23.5,67,80.9,60,4,76.1,217,269,32,475,62,1.9,14.8,1.77
2020,Simi Fehoko,84424,6,12.6,4,62.7,6,50.6,73.0,75.8,75.6,95.0,210,30.3,67,104.8,59,3,69.7,154,210,37,574,198,5.4,15.5,2.73
2020,Amon-Ra St. Brown,84470,6,10.9,3,71.9,4,66.0,77.6,71.7,73.0,94.5,258,34.8,95,121.9,57,7,64.5,176,258,41,478,163,4.0,11.7,1.85
2020,Jacob Harris,34255,10,16.6,1,54.5,9,27.7,72.0,60.7,59.5,93.4,355,34.2,130,112.8,55,8,65.0,247,355,30,539,120,4.0,18.0,1.52
2020,Rashod Bateman,84296,5,10.4,9,65.5,6,48.5,72.4,81.1,81.9,95.8,137,67.1,96,81.8,55,2,32.9,47,137,36,472,192,5.3,13.1,3.45
2020,D'Wayne Eskridge,29573,6,12.7,4,70.8,3,68.0,51.1,86.9,85.9,92.4,159,16.9,29,152.8,48,8,83.1,143,159,34,786,489,14.4,23.1,4.94
2020,Jalen Camp,40986,10,13.0,0,61.7,3,64.3,71.7,65.0,64.0,92.7,279,25.6,77,94.2,47,4,74.1,223,279,29,439,123,4.2,15.1,1.57
2020,Tim Jones,61669,6,10.5,9,68.2,2,72.7,72.1,85.2,88.3,93.0,147,41.8,66,134.7,44,4,58.2,92,147,30,480,224,7.5,16.0,3.27
2020,Ben Skowronek,27948,10,11.9,5,65.9,2,71.4,33.2,65.2,62.2,94.3,300,7.9,25,136.4,44,5,92.1,293,300,29,438,181,6.2,15.1,1.46
2020,Rondale Moore,62890,3,2.6,3,79.5,0,90.6,74.5,80.9,79.7,93.8,120,82.8,106,82.8,44,0,16.4,21,120,35,270,241,6.9,7.7,2.25
2020,Ihmir Smith-Marsette,61324,7,13.9,6,62.5,3,59.8,43.9,61.0,63.4,96.4,187,22.2,43,113.0,40,4,77.8,151,187,25,345,128,5.1,13.8,1.84
2020,Jaylen Waddle,84088,5,11.7,2,87.5,1,79.5,76.3,82.6,84.7,95.7,135,68.1,96,158.3,32,4,29.8,42,135,28,591,282,10.1,21.1,4.38
2020,Racey McMath,61401,6,16.5,3,56.0,2,55.7,69.0,61.2,59.4,96.8,152,12.7,20,55.0,25,1,87.3,137,152,14,195,46,3.3,13.9,1.28
2020,Tarik Black,61442,8,17.1,2,41.7,2,49.8,9.6,64.6,65.0,92.5,99,15.0,16,74.0,24,1,85.0,91,99,10,234,103,10.3,23.4,2.36
2020,Austin Trammell,52195,3,14.3,3,84.2,1,71.9,75.4,89.8,89.1,95.6,87,50.5,46,158.3,19,6,48.4,44,87,16,335,136,8.5,20.9,3.85
2020,Frank Darby,40988,3,13.3,3,50.0,1,53.4,66.2,56.3,57.3,91.7,55,3.3,2,87.5,12,1,96.7,58,55,6,46,14,2.3,7.7,0.84
2021,Deven Thompkins,84480,14,15.9,8,64.6,5,84.3,78.4,83.1,87.1,93.4,542,82.6,479,103.1,161,10,14.5,84,542,104,1722,485,4.7,16.6,3.18
2021,Wan'Dale Robinson,101735,13,10.4,22,74.3,7,77.1,82.1,91.3,90.9,97.2,377,71.9,279,105.7,140,7,27.8,108,377,104,1342,599,5.8,12.9,3.56
2021,Jahan Dotson,84375,12,11.3,9,66.4,2,91.2,86.7,87.5,87.2,94.9,461,23.7,115,110.4,137,12,76.3,371,461,91,1182,482,5.3,13.0,2.56
2021,David Bell,97989,11,10.7,25,69.9,5,81.1,77.1,87.5,87.4,96.3,472,16.3,80,115.3,133,6,83.7,410,472,93,1275,536,5.8,13.7,2.7
2021,Jalen Tolbert,61637,12,14.2,13,63.6,8,62.8,59.2,82.3,85.1,95.9,466,33.7,164,116.9,129,8,66.3,322,466,82,1474,581,7.1,18.0,3.16
2021,John Metchie III,97400,13,8.8,20,75.0,8,72.2,77.0,78.2,79.5,96.3,473,33.4,164,116.1,128,8,66.0,324,473,96,1142,640,6.7,11.9,2.41
2021,Skyy Moore,97116,12,10.8,26,75.2,3,89.3,77.1,91.8,91.8,93.6,380,34.5,140,124.5,125,10,65.3,265,380,94,1291,534,5.7,13.7,3.4
2021,Calvin Austin III,61418,12,11.6,14,61.2,5,76.0,79.9,84.7,85.2,93.0,383,9.5,39,111.1,121,8,90.5,373,383,74,1145,532,7.2,15.5,2.99
2021,Drake London,86519,8,9.2,22,73.9,8,69.0,76.4,91.3,91.8,94.5,308,12.6,41,114.3,119,7,86.2,281,308,88,1084,460,5.2,12.3,3.52
2021,Jameson Williams,101701,15,14.5,12,67.8,6,73.0,40.6,81.6,85.1,96.9,500,27.9,144,143.0,115,15,71.9,371,500,78,1561,722,9.3,20.0,3.12
2021,Khalil Shakir,84140,12,9.8,14,67.5,10,57.5,75.0,86.7,89.3,94.7,395,76.7,320,116.0,114,7,22.3,93,395,77,1117,468,6.1,14.5,2.83
2021,Romeo Doubs,84329,11,13.8,10,72.7,4,81.9,82.1,81.7,83.3,95.1,484,21.4,109,130.6,110,11,78.6,400,484,80,1114,320,4.0,13.9,2.3
2021,Garrett Wilson,97405,11,11.6,19,68.6,6,70.5,82.7,84.1,84.5,95.7,353,17.1,63,141.7,102,12,82.9,306,353,70,1058,417,6.0,15.1,3.0
2021,Chris Olave,84355,12,14.7,1,64.4,5,73.2,75.5,79.3,79.9,95.6,408,18.5,79,121.5,101,13,81.3,347,408,65,936,276,4.2,14.4,2.29
2021,Tyquan Thornton,78092,14,15.4,5,63.3,3,80.7,75.2,82.9,82.4,96.2,377,5.1,20,120.3,98,10,94.9,372,377,62,941,194,3.1,15.2,2.5
2021,Kyle Philips,84463,11,9.8,8,62.8,6,65.0,64.1,77.6,76.6,93.8,350,92.8,346,104.9,94,10,4.6,17,350,59,739,355,6.0,12.5,2.11
2021,Bo Melton,61610,11,10.8,12,61.5,5,69.0,37.2,76.8,75.0,96.2,282,21.8,64,89.2,91,3,78.2,229,282,56,642,354,6.3,11.5,2.28
2021,Treylon Burks,99218,12,9.7,14,73.9,3,81.7,77.4,85.8,91.0,93.9,308,67.7,222,155.3,88,11,24.1,79,308,65,1100,607,9.3,16.9,3.57
2021,Alec Pierce,78038,14,17.1,4,63.4,4,71.3,73.9,76.5,76.0,96.8,367,14.0,53,126.7,82,8,84.7,321,367,52,873,190,3.7,16.8,2.38
2021,Velus Jones Jr.,40573,13,7.1,16,76.5,3,81.1,71.0,76.2,75.4,95.3,302,82.6,262,131.0,81,7,17.0,54,302,62,807,516,8.3,13.0,2.67
2021,Kwamie Lassiter II,23226,12,9.0,12,75.6,1,89.9,42.4,73.6,73.6,96.5,327,35.4,120,112.8,78,3,64.3,218,327,59,653,275,4.7,11.1,2.0
2021,Britain Covey,32933,14,5.3,9,68.4,4,72.2,61.5,79.2,78.6,93.2,259,79.5,221,89.5,76,3,20.5,57,259,52,514,327,6.3,9.9,1.98
2021,Jalen Nailor,84292,9,14.2,7,50.7,4,64.8,74.1,77.0,75.2,95.5,256,3.4,9,87.2,75,6,96.3,258,256,38,692,375,9.9,18.2,2.7
2021,Samori Toure,25276,12,14.7,5,61.3,2,81.1,52.4,80.9,83.1,95.4,330,79.8,276,114.1,75,5,17.1,59,330,46,896,348,7.6,19.5,2.72
2021,Erik Ezukanma,78148,11,11.8,11,63.5,4,69.2,75.7,76.5,74.0,95.0,302,18.6,59,95.5,74,4,80.2,255,302,47,699,366,7.8,14.9,2.31
2021,Justyn Ross,78021,10,10.9,9,63.9,1,86.8,73.5,73.5,73.0,94.3,249,54.2,143,87.4,72,3,45.1,119,249,46,514,205,4.5,11.2,2.06
2021,Danny Gray,121926,10,10.9,9,68.1,7,53.7,74.5,77.9,77.6,97.1,298,10.1,31,133.3,72,9,89.9,276,298,49,803,420,8.6,16.4,2.69
2021,Brandon Johnson,40666,13,14.2,4,56.7,3,69.7,38.1,65.0,62.6,96.0,409,17.1,73,111.3,67,11,82.6,352,409,38,560,154,4.1,14.7,1.37
2021,Josh Ali,61359,10,10.7,4,68.3,3,72.0,36.9,71.6,74.1,96.8,275,18.0,51,96.6,60,3,82.0,233,275,41,601,264,6.4,14.7,2.19
2021,Michael Woods II,84117,11,10.7,3,67.9,3,69.3,72.9,70.4,70.2,95.5,232,12.8,31,87.9,53,2,87.2,212,232,36,411,197,5.5,11.4,1.77
2021,Braylon Sanders,61457,12,21.3,2,43.4,2,67.6,43.2,63.4,61.9,94.3,348,11.9,44,97.6,53,4,87.5,323,348,23,535,144,6.3,23.3,1.54
2021,Daylen Baldwin,64309,13,11.4,1,51.5,2,60.0,69.7,62.0,62.7,93.7,133,14.1,20,84.9,33,2,85.9,122,133,17,256,98,5.8,15.1,1.92
2021,Jalen Virgil,41991,12,17.9,3,51.7,3,45.4,47.8,61.7,62.7,95.9,118,6.5,8,74.8,29,1,93.5,115,118,15,226,111,7.4,15.1,1.92
2021,George Pickens,99229,4,15.0,0,55.6,0,76.3,65.7,73.5,72.9,91.4,32,2.9,1,97.9,9,0,97.1,34,32,5,107,14,2.8,21.4,3.34
2022,Xavier Hutchinson,122518,12,9.2,15,66.5,6,81.3,78.5,89.7,89.4,95.3,430,29.3,132,92.4,161,6,70.1,316,430,107,1171,447,4.2,10.9,2.72
2022,Rashee Rice,97605,12,11.2,19,61.5,9,64.9,27.9,85.9,85.6,93.8,440,17.3,81,99.9,156,10,82.5,387,440,96,1344,593,6.2,14.0,3.05
2022,Charlie Jones,55038,13,11.1,6,71.4,3,91.0,74.3,81.6,83.8,94.2,505,11.6,62,119.0,154,12,88.4,474,505,110,1361,431,3.9,12.4,2.7
2022,Tank Dell,78874,13,11.6,19,71.1,9,72.9,44.5,83.5,84.4,95.2,551,67.0,388,131.4,152,17,32.8,190,551,108,1399,530,4.9,13.0,2.54
2022,A.T. Perry,77975,13,14.7,5,62.8,8,66.7,76.0,83.4,83.5,94.7,428,8.8,40,102.2,129,11,91.2,412,428,81,1100,164,2.0,13.6,2.57
2022,Zay Flowers,97268,12,10.4,15,62.9,8,64.9,56.0,76.0,76.6,95.8,485,32.8,166,106.1,124,12,66.6,337,485,78,1077,503,6.4,13.8,2.22
2022,Josh Downs,122832,11,8.8,7,81.0,3,88.7,68.4,82.9,86.6,96.3,473,82.7,406,135.2,116,11,14.3,70,473,94,1029,375,4.0,10.9,2.18
2022,Jason Brownlee,121451,13,15.0,9,47.8,4,69.1,48.7,77.3,77.0,91.3,378,8.7,36,68.4,115,8,91.3,378,378,55,891,257,4.7,16.2,2.36
2022,Demario Douglas,104155,13,12.3,20,67.9,4,76.7,72.6,83.5,85.0,93.5,387,84.5,350,87.5,112,6,13.0,54,387,76,996,469,6.2,13.1,2.57
2022,Trey Palmer,99248,12,13.5,13,64.5,10,54.0,64.4,83.7,83.6,95.2,320,67.3,226,103.7,110,9,32.1,108,320,71,1043,385,5.4,14.7,3.26
2022,Elijah Cooks,61501,12,13.3,8,64.2,4,79.7,75.5,83.0,83.6,93.8,466,11.1,55,127.7,109,10,88.9,442,466,70,1086,275,3.9,15.5,2.33
2022,Ronnie Bell,84288,14,11.5,10,63.9,5,72.1,31.1,76.9,77.3,94.6,348,41.0,151,94.5,97,4,57.9,213,348,62,892,318,5.1,14.4,2.56
2022,Quentin Johnston,123085,14,12.9,19,61.9,8,56.4,51.0,76.2,77.0,95.9,350,15.6,57,102.9,97,6,84.4,308,350,60,1067,532,8.9,17.8,3.05
2022,Jalin Hyatt,124282,12,14.1,8,75.3,5,73.5,75.4,77.4,78.2,91.1,387,87.3,371,156.5,89,15,12.2,52,387,67,1267,489,7.3,18.9,3.27
2022,Tyler Scott,123578,11,12.7,12,62.5,7,58.3,74.6,72.1,73.2,97.6,362,3.2,12,116.9,88,9,96.5,358,362,55,904,361,6.6,16.4,2.5
2022,Jonathan Mingo,97774,13,14.5,8,58.6,4,72.6,54.8,76.9,78.6,91.4,402,35.0,154,87.4,87,5,55.9,246,402,51,861,373,7.3,16.9,2.14
2022,Malik Heath,124173,13,13.0,7,69.0,5,70.2,74.6,76.0,77.4,91.6,380,6.3,26,115.6,87,5,93.5,388,380,60,971,359,6.0,16.2,2.56
2022,Marvin Mims Jr.,122937,13,17.0,7,62.1,4,69.0,72.4,75.5,77.1,94.0,394,30.1,126,123.8,87,6,68.7,288,394,54,1082,440,8.1,20.0,2.75
2022,Jayden Reed,78171,11,11.8,3,65.5,5,68.0,47.0,70.4,71.2,91.8,347,22.2,84,103.1,84,5,77.0,291,347,55,636,222,4.0,11.6,1.83
2022,Jake Bobo,77997,13,12.7,7,67.9,4,74.5,77.1,82.1,82.9,96.7,408,40.0,169,117.0,84,7,58.1,245,408,57,817,270,4.7,14.3,2.0
2022,Tre Tucker,101106,12,8.1,10,66.3,6,61.9,54.2,70.3,69.5,96.5,303,96.5,303,105.2,80,3,3.2,10,303,53,680,333,6.3,12.8,2.24
2022,Jordan Addison,123000,11,10.7,6,74.7,2,85.0,61.1,81.5,82.4,94.0,315,23.0,77,139.0,79,8,75.5,253,315,59,875,414,7.0,14.8,2.78
2022,Kayshon Boutte,124087,11,9.7,10,65.8,7,53.1,73.9,64.8,64.9,92.6,362,71.9,281,91.0,73,2,28.1,110,362,48,538,228,4.8,11.2,1.49
2022,Dontayvion Wicks,99711,8,14.6,8,41.7,9,26.8,32.2,59.0,58.8,94.0,296,8.9,28,59.4,72,2,91.1,287,296,30,430,122,4.1,14.3,1.45
2022,Puka Nacua,100632,9,12.0,6,71.6,3,75.4,37.7,89.8,90.1,95.2,177,36.6,68,119.3,67,5,60.8,113,177,48,625,356,7.4,13.0,3.53
2022,Parker Washington,129799,10,10.3,15,69.7,3,74.1,66.3,76.4,76.7,92.7,280,71.2,215,89.9,66,2,28.1,85,280,46,611,291,6.3,13.3,2.18
2022,Derius Davis,78196,14,7.0,10,63.6,3,72.0,70.3,61.8,66.4,95.3,266,89.2,249,101.3,66,5,9.7,27,266,42,531,401,9.5,12.6,2.0
2022,Antoine Green,77985,9,18.1,12,66.2,3,72.7,73.3,74.8,75.1,96.9,341,2.3,8,144.3,65,7,97.7,344,341,43,798,221,5.1,18.6,2.34
2022,Rakim Jarrett,129519,11,8.9,4,62.5,8,36.5,74.1,64.6,62.3,93.9,295,94.6,297,100.5,64,3,5.1,16,295,40,471,273,6.8,11.8,1.6
2022,Cedric Tillman,84434,6,14.4,3,62.7,2,78.6,73.1,70.3,69.1,90.4,207,11.4,26,93.7,59,3,88.6,203,207,37,417,106,2.9,11.3,2.01
2022,Jalen Brooks,111284,12,11.4,7,71.7,2,74.0,39.1,63.7,62.4,94.7,284,17.3,52,105.3,46,1,81.7,245,284,33,499,224,6.8,15.1,1.76
2022,Michael Wilson,84423,6,10.4,2,67.5,4,53.5,73.0,74.5,72.0,94.3,183,23.7,46,135.5,40,4,76.3,148,183,27,421,186,6.9,15.6,2.3
2022,Shedrick Jackson,84136,12,14.8,0,50.0,3,47.7,25.0,52.5,53.0,94.6,245,8.1,21,59.0,32,0,91.5,237,245,16,217,68,4.3,13.6,0.89
2022,Jaxon Smith-Njigba,129758,3,12.1,0,50.0,0,74.9,12.0,55.1,55.3,100.0,40,85.0,34,64.1,8,0,12.5,5,40,4,39,14,3.5,9.8,0.98
